{
  "feature_names": [
    "Spotify Playlist Count",
    "Spotify Playlist Reach",
    "YouTube Views",
    "YouTube Likes",
    "TikTok Posts",
    "Apple Music Playlist Count",
    "Deezer Playlist Count",
    "Amazon Playlist Count",
    "Explicit Track"
  ],
  "coef": [
    1.9523404306090582,
    5.286659617112997,
    0.05427561705832873,
    0.4960239963510049,
    -1.2738113888809723,
    -0.5786953727160218,
    -1.6624570236183902,
    0.16524387445267563,
    -1.1267447953323217
  ],
  "intercept": 67.3359375,
  "scaler_mean": [
    91318.19775390625,
    31787144.043945312,
    481952905.45947266,
    3683688.0122070312,
    797687.5078125,
    74.1875,
    39.7236328125,
    27.83837890625,
    0.39208984375
  ],
  "scaler_scale": [
    75675.91932023909,
    32272185.948223006,
    766243276.0679983,
    5100886.175291912,
    2000877.0491080612,
    78.40496088019559,
    59.03073540741445,
    27.51939571176673,
    0.48821654844761314
  ]
}